{"cameraMode":{"drawMode":0,"name":"Shaded","section":"Shading Mode"},"sceneLighting":false,"audioPlay":false,"sceneViewState":{"showFog":true,"showMaterialUpdate":false,"showSkybox":true,"showFlares":true,"showImageEffects":true,"showParticleSystems":true},"in2DMode":false,"pivot":{"x":50.74009704589844,"y":4.199405670166016,"z":40.168006896972659},"rotation":{"x":0.004396682605147362,"y":-0.8101205825805664,"z":0.006076022982597351,"w":0.5862153172492981},"size":5.715775966644287,"orthographic":false}