{"cameraMode":{"drawMode":0,"name":"Shaded","section":"Shading Mode"},"sceneLighting":true,"audioPlay":false,"sceneViewState":{"showFog":true,"showMaterialUpdate":false,"showSkybox":true,"showFlares":true,"showImageEffects":true,"showParticleSystems":true},"in2DMode":false,"pivot":{"x":50.3491325378418,"y":-11.682437896728516,"z":15.412464141845704},"rotation":{"x":0.4972250759601593,"y":-0.5026233792304993,"z":0.4912937879562378,"w":0.5086918473243713},"size":66.52851104736328,"orthographic":false}