{"cameraMode":{"drawMode":0,"name":"Shaded","section":"Shading Mode"},"sceneLighting":true,"audioPlay":false,"sceneViewState":{"showFog":true,"showMaterialUpdate":false,"showSkybox":true,"showFlares":true,"showImageEffects":true,"showParticleSystems":true},"in2DMode":false,"pivot":{"x":50.001670837402347,"y":0.7309601306915283,"z":0.6267852783203125},"rotation":{"x":0.14907491207122804,"y":-0.657537579536438,"z":0.13500192761421204,"w":0.7260822653770447},"size":15.16515827178955,"orthographic":true}