{"cameraMode":{"drawMode":0,"name":"Shaded","section":"Shading Mode"},"sceneLighting":false,"audioPlay":false,"sceneViewState":{"showFog":true,"showMaterialUpdate":false,"showSkybox":true,"showFlares":true,"showImageEffects":true,"showParticleSystems":true},"in2DMode":false,"pivot":{"x":-2.384185791015625e-7,"y":2.451925039291382,"z":-27.200000762939454},"rotation":{"x":-0.11687099933624268,"y":0.8597005009651184,"z":-0.22714394330978394,"w":-0.4423368275165558},"size":13.379485130310059,"orthographic":false}